<?xml version="1.0" encoding="utf-8"?>

<skin
    author="Fernando Casal"
    name="Candy Eye"
    width="425"
    height="219">
    <!-- My foobar2000 skin with Leandro's graphic help-->

    <layer name="base2" type="absolute-images">
        <geometry type="absolute">
            <size x="425" y="219" />
            <position x="0" y="0" align="left" />
        </geometry>
        <contents>
            <image src="base2.png" />
        </contents>
    </layer>

    <layer name="progressbar" type="absolute-images" clip="false">
        <geometry type="absolute">
            <size x="182" y="12" />
            <position x="10" y="105" align="left" />
        </geometry>
        <contents>
        </contents>

        <layer name="progressbarinner" type="absolute-images">
            <geometry type="absolute">
                <size x="182" y="12" />
                <position x="$add(0,$mul(4,$div($mul(%playback_time_seconds%,45),%length_seconds%)))" y="0" align="left" />
            </geometry>
            <contents>
                <image src="bar.png"/>
            </contents>
        </layer>
    </layer>

    <layer name="AlbumArt" type="album-art">
        <geometry type="absolute">
            <size x="134" y="50" />
            <position x="30" y="161" align="left" />
        </geometry>
        <contents>
            <NoAlbumArt>
                noalbum.png
            </NoAlbumArt>
        </contents>
    </layer>

    <layer name="base" type="absolute-images">
        <geometry type="absolute">
            <size x="425" y="213" />
            <position x="0" y="0" align="left" />
        </geometry>
        <contents>
            <image src="base.png" />
        </contents>

        <layer name="AlbumArt" type="album-art">
            <geometry type="absolute">
                <size x="134" y="134" />
                <position x="30" y="29" align="left" />
            </geometry>
            <contents>
                <NoAlbumArt>
                    noalbum.png
                </NoAlbumArt>
            </contents>
        </layer>

        <layer name="base3" type="absolute-images">
            <geometry type="absolute">
                <size x="425" y="219" />
                <position x="0" y="0" align="left" />
            </geometry>
            <contents>
                <image src="base3.png" />
            </contents>
        </layer>

        <layer name="Album" type="scrolling-text" clip="false">
            <geometry type="absolute">
                <size x="230" y="20" />
                <position x="185" y="30" align="left" />
            </geometry>
            <contents spacing="0" font="GeosansLight" size="20" bold="true" speed="30" pause="2000">
                <label position="left" color="ff004080">$if2(%album%,Album Desconhecido)</label>
            </contents>
        </layer>

        <layer name="Artist+TrackTitle" type="scrolling-text">
            <geometry type="absolute">
                <size x="230" y="20" />
                <position x="185" y="70" align="left" />
            </geometry>
            <contents spacing="0" font="GeosansLight" size="16" bold="true" speed="30" pause="2000">
                <label position="left" color="ff004080">$if2(%artist%,Artista Desconhecido)[' - '$if2(%title%,Titulo Desconhecido)]</label>
            </contents>
        </layer>

        <layer name="Time" type="text">
            <geometry type="absolute">
                <size x="140" y="20" />
                <position x="190" y="118" align="left" />
            </geometry>
            <contents spacing="0" font="Trebuchet MS" size="10" bold="true">
                <label position="left" color="ff004080">%_time_elapsed%/%_length%</label>
            </contents>
        </layer>

        <layer name="Play_count" type="text">
            <geometry type="absolute">
                <size x="140" y="18" />
                <position x="230" y="118" align="left" />
            </geometry>
            <contents spacing="0" font="Trebuchet MS" size="10" bold="true">
                <label position="right" color="ff004080">'Play Count: '%play_counter%</label>
            </contents>
        </layer>

        <layer name="Previous" type="button">
            <geometry type="absolute">
                <size x="24" y="24" />
                <position x="230" y="150" align="left" />
            </geometry>
            <contents>
                <action>
                    Previous
                </action>
                <normalImg src="previous1.png" />
                <overImg src="previous2.png" />
                <downImg src="previous2.png" />
            </contents>
        </layer>

        <layer name="Play" type="button">
            <geometry type="absolute">
                <size x="24" y="24" />
                <position x="255" y="150" align="left" />
            </geometry>
            <contents>
                <action>
                    play or Pause
                </action>
                <normalImg src="play1.png" />
                <overImg src="play2.png" />
                <downImg src="play2.png" />
            </contents>
        </layer>

        <layer name="Stop" type="button">
            <geometry type="absolute">
                <size x="24" y="24" />
                <position x="280" y="150" align="left" />
            </geometry>
            <contents>
                <action>
                    Stop
                </action>
                <normalImg src="stop1.png" />
                <overImg src="stop2.png" />
                <downImg src="stop2.png" />
            </contents>
        </layer>

        <layer name="Next" type="button">
            <geometry type="absolute">
                <size x="24" y="24" />
                <position x="305" y="150" align="left" />
            </geometry>
            <contents>
                <action>
                    Next
                </action>
                <normalImg src="next1.png" />
                <overImg src="next2.png" />
                <downImg src="next2.png" />
            </contents>
        </layer>

        <layer name="maximizewindow" type="button">
            <geometry type="absolute">
                <size x="24" y="24" />
                <position x="380" y="175" align="left" />
            </geometry>
            <contents>
                <action>
                    Activate
                </action>
                <normalImg src="foobar1.png" />
                <overImg src="foobar2.png" />
                <downImg src="foobar2.png" />
            </contents>
        </layer>

        <layer name="Exit" type="button">
            <geometry type="absolute">
                <size x="24" y="24" />
                <position x="350" y="175" align="left" />
            </geometry>
            <contents>
                <action>
                    Exit
                </action>
                <normalImg src="exit1.png" />
                <overImg src="exit2.png" />
                <downImg src="exit2.png" />
            </contents>
        </layer>
    </layer>

</skin>
